{
	"info": {
		"_postman_id": "c1e6795d-8198-4a16-98ea-2db0a926396b",
		"name": "Message Hub Demo",
		"schema": "https://schema.getpostman.com/json/collection/v2.1.0/collection.json"
	},
	"item": [
		{
			"name": "Проверка работоспособности URL",
			"request": {
				"auth": {
					"type": "basic",
					"basic": [
						{
							"key": "password",
							"value": "pass",
							"type": "string"
						},
						{
							"key": "username",
							"value": "login",
							"type": "string"
						}
					]
				},
				"method": "GET",
				"header": [],
				"url": {
					"raw": "https://api.br.mts.by/8/json2/simple",
					"protocol": "https",
					"host": [
						"api",
						"br",
						"mts",
						"by"
					],
					"path": [
						"8",
						"json2",
						"simple"
					]
				},
				"description": "Проверка работоспособности URL"
			},
			"response": []
		},
		{
			"name": "Отправить сообщение SMS",
			"request": {
				"auth": {
					"type": "basic",
					"basic": [
						{
							"key": "password",
							"value": "pass",
							"type": "string"
						},
						{
							"key": "username",
							"value": "login",
							"type": "string"
						}
					]
				},
				"method": "POST",
				"header": [
					{
						"key": "Content-Type",
						"value": "application/json",
						"type": "text"
					}
				],
				"body": {
					"mode": "raw",
					"raw": "{\r\n   \"phone_number\":375298766719,\r\n   \"extra_id\":\"4232j4h89932kjhs\",\r\n   \"callback_url\":\"https://send-dr-here.com\",\r\n   \"tag\":\"Campaign name\",\r\n   \"channels\":[\r\n      \"sms\"\r\n   ],\r\n   \"channel_options\":{\r\n      \"sms\":{\r\n         \"text\":\"privet\",\r\n         \"alpha_name\":\"TEST\",\r\n         \"ttl\":600\r\n      }\r\n   }\r\n}\r\n"
				},
				"url": {
					"raw": "https://api.br.mts.by/8/json2/simple",
					"protocol": "https",
					"host": [
						"api",
						"br",
						"mts",
						"by"
					],
					"path": [
						"8",
						"json2",
						"simple"
					]
				},
				"description": "234"
			},
			"response": []
		},
		{
			"name": "Отправить сообщение Viber",
			"request": {
				"auth": {
					"type": "basic",
					"basic": [
						{
							"key": "password",
							"value": "pass",
							"type": "string"
						},
						{
							"key": "username",
							"value": "login",
							"type": "string"
						}
					]
				},
				"method": "POST",
				"header": [
					{
						"key": "Content-Type",
						"value": "application/json",
						"type": "text"
					}
				],
				"body": {
					"mode": "raw",
					"raw": "{\r\n   \"phone_number\":375298766719,\r\n   \"extra_id\":\"4232j4h89932kjhs\",\r\n   \"callback_url\":\"https://send-dr-here.com\",\r\n   \"tag\":\"Campaign name\",\r\n   \"channels\":[\r\n      \"viber\"\r\n   ],\r\n   \"channel_options\":{\r\n        \"viber\": {\r\n        \t\"text\": \"Text for Viber\",\r\n            \"ttl\": 60,\r\n            \"img\": \"https://avatars.mds.yandex.net/get-pdb/998741/af7fd339-2400-40bc-8bcc-56d8ca452dea/s1200\",\r\n            \"caption\": \"Old Dogs need you!\",\r\n            \"action\": \"http://olddogs.org\"\r\n        }\r\n   }\r\n}\r\n"
				},
				"url": {
					"raw": "https://api.br.mts.by/8/json2/simple",
					"protocol": "https",
					"host": [
						"api",
						"br",
						"mts",
						"by"
					],
					"path": [
						"8",
						"json2",
						"simple"
					]
				},
				"description": "234"
			},
			"response": []
		},
		{
			"name": "Delivery report simple",
			"request": {
				"auth": {
					"type": "basic",
					"basic": [
						{
							"key": "password",
							"value": "pass",
							"type": "string"
						},
						{
							"key": "username",
							"value": "login",
							"type": "string"
						}
					]
				},
				"method": "GET",
				"header": [],
				"url": {
					"raw": "https://api.br.mts.by/8/dr/bf920c2e-f18b-4588-b4d9-b95226564dbf/simple",
					"protocol": "https",
					"host": [
						"api",
						"br",
						"mts",
						"by"
					],
					"path": [
						"8",
						"dr",
						"bf920c2e-f18b-4588-b4d9-b95226564dbf",
						"simple"
					]
				}
			},
			"response": []
		},
		{
			"name": "Delivery report advanced",
			"request": {
				"auth": {
					"type": "basic",
					"basic": [
						{
							"key": "password",
							"value": "pass",
							"type": "string"
						},
						{
							"key": "username",
							"value": "login",
							"type": "string"
						}
					]
				},
				"method": "GET",
				"header": [],
				"url": {
					"raw": "https://api.br.mts.by/8/dr/bf920c2e-f18b-4588-b4d9-b95226564dbf/advanced",
					"protocol": "https",
					"host": [
						"api",
						"br",
						"mts",
						"by"
					],
					"path": [
						"8",
						"dr",
						"bf920c2e-f18b-4588-b4d9-b95226564dbf",
						"advanced"
					]
				}
			},
			"response": []
		},
		{
			"name": "Отправить сообщение Viber Batch",
			"request": {
				"auth": {
					"type": "basic",
					"basic": [
						{
							"key": "password",
							"value": "pass",
							"type": "string"
						},
						{
							"key": "username",
							"value": "login",
							"type": "string"
						}
					]
				},
				"method": "POST",
				"header": [
					{
						"key": "Content-Type",
						"value": "application/json",
						"type": "text"
					}
				],
				"body": {
					"mode": "raw",
					"raw": "{\n   \"messages\":[\n      {\n         \"phone_number\":375298766719,\n         \"extra_id\":\"12333123\",\n         \"text\":\"Text for all channels, recipient #375298766719\"\n      },\n      {\n         \"phone_number\":375291234567,\n         \"extra_id\":\"458545546\",\n         \"text\":\"Text for all channels, recipient #375291234567\"\n      }\n   ],\n   \"callback_url\":\"https://send-dr-here.com\",\n   \"tag\":\"Campaign name\",\n   \"channels\":[\n      \"viber\"\n   ],\n   \"channel_options\":{\n      \"viber\":{\n         \"text\":\"Text for Viber\",\n         \"ttl\":60,\n         \"img\":\"https://avatars.mds.yandex.net/get-pdb/998741/af7fd339-2400-40bc-8bcc-56d8ca452dea/s1200\",\n         \"caption\":\"Old Dogs need you!\",\n         \"action\":\"http://olddogs.org\"\n      }\n   }\n}"
				},
				"url": {
					"raw": "https://api.br.mts.by/8/json2/batch",
					"protocol": "https",
					"host": [
						"api",
						"br",
						"mts",
						"by"
					],
					"path": [
						"8",
						"json2",
						"batch"
					]
				},
				"description": "234"
			},
			"response": []
		},
		{
			"name": "Отправить сообщение Viber Batch Sync",
			"request": {
				"auth": {
					"type": "basic",
					"basic": [
						{
							"key": "password",
							"value": "pass",
							"type": "string"
						},
						{
							"key": "username",
							"value": "login",
							"type": "string"
						}
					]
				},
				"method": "POST",
				"header": [
					{
						"key": "Content-Type",
						"value": "application/json",
						"type": "text"
					}
				],
				"body": {
					"mode": "raw",
					"raw": "{\n   \"messages\":[\n      {\n         \"phone_number\":375298766719,\n         \"extra_id\":\"12333123\",\n         \"text\":\"Text for all channels, recipient #375298766719\"\n      },\n      {\n         \"phone_number\":375291234567,\n         \"extra_id\":\"458545546\",\n         \"text\":\"Text for all channels, recipient #375291234567\"\n      }\n   ],\n   \"callback_url\":\"https://send-dr-here.com\",\n   \"tag\":\"Campaign name\",\n   \"channels\":[\n      \"viber\"\n   ],\n   \"channel_options\":{\n      \"viber\":{\n         \"text\":\"Text for Viber\",\n         \"ttl\":60,\n         \"img\":\"https://avatars.mds.yandex.net/get-pdb/998741/af7fd339-2400-40bc-8bcc-56d8ca452dea/s1200\",\n         \"caption\":\"Old Dogs need you!\",\n         \"action\":\"http://olddogs.org\"\n      }\n   }\n}"
				},
				"url": {
					"raw": "https://api.br.mts.by/8/json2/batch/sync",
					"protocol": "https",
					"host": [
						"api",
						"br",
						"mts",
						"by"
					],
					"path": [
						"8",
						"json2",
						"batch",
						"sync"
					]
				}
			},
			"response": []
		},
		{
			"name": "Отправить сообщение Viber Broadcast",
			"request": {
				"auth": {
					"type": "basic",
					"basic": [
						{
							"key": "password",
							"value": "pass",
							"type": "string"
						},
						{
							"key": "username",
							"value": "login",
							"type": "string"
						}
					]
				},
				"method": "POST",
				"header": [
					{
						"key": "Content-Type",
						"value": "application/json",
						"type": "text"
					}
				],
				"body": {
					"mode": "raw",
					"raw": "{ \r\n   \"recipients\":[ \r\n      { \r\n         \"phone_number\":375298766719,\r\n         \"name\":\"Dima\",\r\n         \"greeting\":\"Mr. \"\r\n      },\r\n      { \r\n         \"phone_number\":375291234567,\r\n         \"name\":\"Al\",\r\n         \"greeting\":\"Miss. \"\r\n      }\r\n   ],\r\n   \"callback_url\":\"https://send-dr-here.com\",\r\n   \"tag\":\"Campaign name\",\r\n   \"channels\":[ \r\n      \"viber\",\r\n      \"sms\"\r\n   ],\r\n   \"channel_options\":{ \r\n      \"sms\":{ \r\n         \"alpha_name\":\"TEST\",\r\n         \"text\":\"Dear %greeting% %name%! Here is an SMS\",\r\n         \"ttl\":60\r\n      },\r\n      \"viber\":{ \r\n         \"ttl\":60,\r\n         \"img\":\"http://olddogs.org/logo.png\",\r\n         \"caption\":\"Old Dogs need you!\",\r\n         \"action\":\"http://olddogs.org\",\r\n         \"text\":\"Dear %greeting% %name%! Here is a Viber message for you\"\r\n      }\r\n   }\r\n}\r\n"
				},
				"url": {
					"raw": "https://api.br.mts.by/8/json2/broadcast/",
					"protocol": "https",
					"host": [
						"api",
						"br",
						"mts",
						"by"
					],
					"path": [
						"8",
						"json2",
						"broadcast",
						""
					]
				},
				"description": "2.3.2\tЗапрос, содержащий перечень номеров Пользователей. Параметры Сообщений каждому Пользователю является персонализированными (broadcast)"
			},
			"response": []
		},
		{
			"name": "Отправить сообщение Viber Broadcast sync",
			"request": {
				"auth": {
					"type": "basic",
					"basic": [
						{
							"key": "password",
							"value": "pass",
							"type": "string"
						},
						{
							"key": "username",
							"value": "login",
							"type": "string"
						}
					]
				},
				"method": "POST",
				"header": [
					{
						"key": "Content-Type",
						"value": "application/json",
						"type": "text"
					}
				],
				"body": {
					"mode": "raw",
					"raw": "{ \r\n   \"recipients\":[ \r\n      { \r\n         \"phone_number\":375298766719,\r\n         \"name\":\"Dima\",\r\n         \"greeting\":\"Mr. \"\r\n      },\r\n      { \r\n         \"phone_number\":375291234567,\r\n         \"name\":\"Al\",\r\n         \"greeting\":\"Miss. \"\r\n      }\r\n   ],\r\n   \"callback_url\":\"https://send-dr-here.com\",\r\n   \"tag\":\"Campaign name\",\r\n   \"channels\":[ \r\n      \"viber\",\r\n      \"sms\"\r\n   ],\r\n   \"channel_options\":{ \r\n      \"sms\":{ \r\n         \"alpha_name\":\"TEST\",\r\n         \"text\":\"Dear %greeting% %name%! Here is an SMS\",\r\n         \"ttl\":60\r\n      },\r\n      \"viber\":{ \r\n         \"ttl\":60,\r\n         \"img\":\"http://olddogs.org/logo.png\",\r\n         \"caption\":\"Old Dogs need you!\",\r\n         \"action\":\"http://olddogs.org\",\r\n         \"text\":\"Dear %greeting% %name%! Here is a Viber message for you\"\r\n      }\r\n   }\r\n}\r\n"
				},
				"url": {
					"raw": "https://api.br.mts.by/8/json2/broadcast/sync",
					"protocol": "https",
					"host": [
						"api",
						"br",
						"mts",
						"by"
					],
					"path": [
						"8",
						"json2",
						"broadcast",
						"sync"
					]
				}
			},
			"response": []
		}
	],
	"protocolProfileBehavior": {}
}